FLIGHT_ID;DATE;FLIGHT_NUMBER;TAIL_NUMBER;DEPARTURE_DELAY;ARRIVAL_DELAY;AIRLINE_ID;ORIGIN_AIRPORT_ID;DESTINATION_AIRPORT_ID
1;2015/01/01;98;N407AS;-11;-22;2;11;200
2;2015/01/01;2336;N3KUAA;-8;-9;1;120;168
3;2015/01/01;840;N171US;-2;5;12;201;45
4;2015/01/01;258;N3HYAA;-5;-9;1;120;143
5;2015/01/01;135;N527AS;-1;-21;2;200;11
6;2015/01/01;806;N3730B;-5;8;4;201;153
7;2015/01/01;612;N635NK;-6;-17;9;118;153
8;2015/01/01;2013;N584UW;14;-10;12;120;45
9;2015/01/01;1112;N3LAAA;-11;-13;1;201;61
10;2015/01/01;1173;N826DN;3;-15;4;118;13
11;2015/01/01;2336;N958DN;-6;-30;4;60;13
12;2015/01/01;1674;N853AA;-8;-10;1;118;143
13;2015/01/01;1434;N547US;0;-4;4;120;153
14;2015/01/01;2324;N3751B;-6;-22;4;207;13
15;2015/01/01;2440;N651DL;-1;8;4;200;153
16;2015/01/01;108;N309AS;-4;-14;2;11;200
17;2015/01/01;1560;N3743H;-14;-24;4;11;200
18;2015/01/01;1197;N78448;-6;-7;11;201;103
19;2015/01/01;122;N413AS;-4;-18;2;11;169
20;2015/01/01;1670;N806DN;-5;-12;4;169;153
21;2015/01/01;520;N525NK;25;6;9;118;132
22;2015/01/01;371;N3GXAA;-8;1;1;200;143
23;2015/01/01;214;N632NK;-1;-1;9;118;61
24;2015/01/01;115;N3CTAA;-2;-12;1;120;143
25;2015/01/01;1450;N671DN;-3;-23;4;118;153
26;2015/01/01;1545;N76517;-3;-11;11;120;103
27;2015/01/01;130;N457AS;-8;-3;2;74;200
28;2015/01/01;597;N528NK;12;25;9;153;77
29;2015/01/01;413;N571UW;-10;-31;12;118;45
30;2015/01/01;2392;N3HRAA;21;2;1;60;143
31;2015/01/01;168;N629NK;72;43;9;171;163
32;2015/01/01;2211;N3CGAA;-11;-16;1;171;143
33;2015/01/01;136;N431AS;;;2;11;200
34;2015/01/01;95;N320US;-6;10;4;207;13
35;2015/01/01;298;N514NK;-4;-4;9;118;103
36;2015/01/01;17;N389HA;0;15;7;118;95
37;2015/01/01;617;N804AW;-9;-10;12;11;171
38;2015/01/01;1528;N76519;3;-11;11;206;73
39;2015/01/01;134;N464AS;-15;-35;2;11;200
40;2015/01/01;304;N607JB;-2;11;3;206;112
41;2015/01/01;451;N633NK;-16;-33;9;167;77
42;2015/01/01;972;N606NK;-1;1;9;171;61
43;2015/01/01;2459;N3BDAA;;;1;171;61
44;2015/01/01;144;N514AS;-10;-11;2;11;169
45;2015/01/01;647;N630NK;-5;-11;9;102;77
46;2015/01/01;1990;N597JB;-14;4;3;206;73
47;2015/01/01;699;N172US;-11;-36;12;171;45
48;2015/01/01;114;N303AS;-11;-12;2;11;200
49;2015/01/01;668;N653JB;-7;-9;3;178;133
50;2015/01/01;1162;N37293;-1;6;11;28;73
51;2015/01/01;1030;N239JB;-3;20;3;28;133
52;2015/01/01;262;N627JB;-14;-16;3;206;26
53;2015/01/01;2134;N307JB;95;85;3;206;133
54;2015/01/01;730;N621JB;4;-7;3;28;133
55;2015/01/01;768;N317JB;-11;-1;3;178;133
56;2015/01/01;2276;N646JB;72;89;3;206;17
57;2015/01/01;602;N197UW;-1;3;12;163;171
58;2015/01/01;695;N607AS;-4;0;2;82;200
59;2015/01/01;102;N492HA;-8;-6;7;95;109
60;2015/01/01;5467;N701BR;13;9;10;162;201
61;2015/01/01;108;N476HA;-1;5;7;95;115
62;2015/01/01;730;N423AS;-8;-14;2;11;200
63;2015/01/01;206;N484HA;-11;-11;7;95;159
64;2015/01/01;1500;N30401;4;11;11;163;103
65;2015/01/01;1323;N3CXAA;-3;-11;1;133;143
66;2015/01/01;103;N616NK;-4;-10;9;26;156
67;2015/01/01;7404;N8982A;-10;0;10;93;153
68;2015/01/01;7419;N445SW;-2;-4;10;4;153
69;2015/01/01;5254;N746SK;;;10;130;103
70;2015/01/01;480;N676AW;-5;-2;12;200;171
71;2015/01/01;1057;N3ASAA;108;102;1;61;143
72;2015/01/01;2454;N3ETAA;-5;2;1;26;143
73;2015/01/01;4354;N12142;2;13;5;144;103
74;2015/01/01;425;N174US;60;60;12;169;171
75;2015/01/01;89;N3KVAA;58;54;1;103;143
76;2015/01/01;2099;N355NW;-9;-6;4;24;65
77;2015/01/01;4685;N26545;-3;-5;5;30;103
78;2015/01/01;5583;N882AS;-6;-15;5;226;13
79;2015/01/01;5484;N824AS;5;3;10;25;201
80;2015/01/01;7370;N432SW;-3;9;10;21;153
81;2015/01/01;103;N477HA;-10;-12;7;95;126
82;2015/01/01;5187;N720EV;0;5;5;24;13
83;2015/01/01;2859;N660MQ;;;8;202;61
84;2015/01/01;1201;N79521;2;6;11;170;103
85;2015/01/01;1221;N37281;4;4;11;169;60
86;2015/01/01;1607;N36476;-1;-1;11;200;60
87;2015/01/01;328;N4XKAA;53;66;1;60;61
88;2015/01/01;5764;N832AS;-3;-14;5;197;163
89;2015/01/01;1279;N918FR;-4;-18;6;170;133
90;2015/01/01;409;N509NK;-4;-25;9;163;77
91;2015/01/01;5460;N583SW;;;10;183;201
92;2015/01/01;6391;N593ML;-4;13;10;72;60
93;2015/01/01;1532;N77066;19;26;11;201;60
94;2015/01/01;1167;N66837;7;3;11;163;60
95;2015/01/01;1012;N17245;6;14;11;101;103
96;2015/01/01;2001;N358JB;-5;-15;3;33;112
97;2015/01/01;2807;N190JB;-7;-25;3;181;112
98;2015/01/01;2023;N324JB;43;19;3;112;206
99;2015/01/01;4557;N12967;-12;-21;5;53;103
100;2015/01/01;5241;N849AS;-5;-18;5;172;65
101;2015/01/01;5498;N132EV;15;-3;5;163;65
102;2015/01/01;6512;N925SW;-5;0;10;76;120
103;2015/01/01;1577;N69813;56;78;11;208;60
104;2015/01/01;4986;N719SK;-3;-16;10;15;120
105;2015/01/01;727;N292JB;-4;-21;3;26;35
106;2015/01/01;1012;N375JB;-11;-33;3;163;26
107;2015/01/01;824;N3736C;148;128;4;171;65
108;2015/01/01;941;N910DN;6;-15;4;132;13
109;2015/01/01;2079;N389DA;-3;-21;4;26;65
110;2015/01/01;3268;N14998;16;14;5;13;101
111;2015/01/01;4160;N11150;-9;-14;5;111;73
112;2015/01/01;6285;N962SW;-2;25;10;139;60
113;2015/01/01;5184;N776SK;-3;-16;10;207;103
114;2015/01/01;6358;N926SW;-2;7;10;104;60
115;2015/01/01;161;N905FR;-10;-11;6;151;60
116;2015/01/01;4833;N554CA;-2;-21;10;144;65
117;2015/01/01;1119;N69810;-3;-6;11;82;60
118;2015/01/01;1237;N65832;-4;11;11;200;103
119;2015/01/01;1540;N78509;5;-7;11;59;103
120;2015/01/01;1433;N4YNAA;-6;-12;1;194;61
121;2015/01/01;2299;N3LLAA;55;69;1;112;143
122;2015/01/01;721;N623JB;6;-9;3;26;168
123;2015/01/01;917;N606JB;-2;-13;3;26;112
124;2015/01/01;939;N794JB;0;-19;3;112;28
125;2015/01/01;1890;N377DA;18;-2;4;61;13
126;2015/01/01;4646;N29917;-5;1;5;39;73
127;2015/01/01;365;N218FR;36;17;6;144;60
128;2015/01/01;117;N933FR;-7;-8;6;153;60
129;2015/01/01;2926;N932MQ;;;8;39;61
130;2015/01/01;2599;N435SW;73;56;10;60;120
131;2015/01/01;5482;N934SW;-3;10;10;196;60
132;2015/01/01;6457;N560SW;;;10;209;120
133;2015/01/01;218;N485HA;-8;-6;7;95;115
134;2015/01/01;515;N337JB;-9;-6;3;26;33
135;2015/01/01;228;N439UA;-3;-35;11;169;73
136;2015/01/01;641;N650AW;-5;4;12;105;171
137;2015/01/01;495;N548UA;0;-9;11;120;60
138;2015/01/01;507;N808UA;39;43;11;43;103
139;2015/01/01;1553;N37290;2;-19;11;26;73
140;2015/01/01;403;N660AW;0;-10;12;60;171
141;2015/01/01;446;N651AW;-6;-5;12;132;171
142;2015/01/01;1178;N573AA;-2;-1;1;15;61
143;2015/01/01;2410;N3BAAA;10;2;1;120;61
144;2015/01/01;2453;N966DL;0;0;4;90;13
145;2015/01/01;2228;N231JB;-2;-7;3;133;73
146;2015/01/01;4555;N13133;-2;1;5;132;103
147;2015/01/01;5698;N835AS;-7;-19;5;17;101
148;2015/01/01;3534;N925MQ;;;8;2;61
149;2015/01/01;4339;N14179;-2;13;5;186;103
150;2015/01/01;6204;N917SW;6;20;10;18;60
151;2015/01/01;6261;N107SY;7;-19;10;194;201
152;2015/01/01;5160;N794SK;15;21;10;161;103
153;2015/01/01;6224;N956SW;-1;6;10;184;60
154;2015/01/01;860;N656JB;-2;9;3;77;17
155;2015/01/01;5230;N181PQ;0;-17;5;40;13
156;2015/01/01;526;N742SW;-2;-2;14;201;60
157;2015/01/01;1222;N68452;2;4;11;133;120
158;2015/01/01;1507;N31412;-6;-13;11;218;73
159;2015/01/01;1094;N3DXAA;0;16;1;200;61
160;2015/01/01;1233;N3HXAA;-4;-10;1;26;61
161;2015/01/01;115;N284JB;-5;-13;3;216;112
162;2015/01/01;185;N334JB;-5;-17;3;189;112
163;2015/01/01;2519;N905EV;-9;-9;5;224;61
164;2015/01/01;3928;N11140;-1;-12;5;132;163
165;2015/01/01;3941;N16561;0;6;5;116;163
166;2015/01/01;5976;N27200;213;226;5;33;73
167;2015/01/01;3161;N5PBMQ;;;8;227;61
168;2015/01/01;5677;N12563;-18;-22;5;89;73
169;2015/01/01;224;N607NK;-9;27;9;163;124
170;2015/01/01;1457;N76529;-2;-16;11;120;103
171;2015/01/01;1205;N3FKAA;-7;-13;1;73;143
172;2015/01/01;5547;N910SW;119;116;10;162;60
173;2015/01/01;210;N830UA;-4;-23;11;153;60
174;2015/01/01;214;N454UA;-5;-3;11;168;103
175;2015/01/01;247;N462UA;111;123;11;171;103
176;2015/01/01;256;N464UA;0;-1;11;191;103
177;2015/01/01;319;N498UA;3;-18;11;73;133
178;2015/01/01;374;N415UA;12;-6;11;161;163
179;2015/01/01;635;N544UW;-9;12;12;208;171
180;2015/01/01;646;N654AW;-2;8;12;158;171
181;2015/01/01;1941;N708UW;-5;-14;12;180;45
182;2015/01/01;422;N847UA;-3;14;11;188;60
183;2015/01/01;544;N831UA;22;24;11;174;103
184;2015/01/01;1016;N68807;-8;-4;11;60;103
185;2015/01/01;4122;N486WN;-4;-26;14;26;35
186;2015/01/01;4822;N293WN;2;-25;14;118;35
187;2015/01/01;2215;N249WN;7;22;14;3;97
188;2015/01/01;676;N630WN;1;-6;14;171;207
189;2015/01/01;2787;N910WN;-1;-26;14;174;77
190;2015/01/01;4859;N8641B;6;-13;14;180;35
191;2015/01/01;597;N768SW;-6;-16;14;201;13
192;2015/01/01;1158;N73445;-3;-4;11;201;163
193;2015/01/01;1163;N24224;-5;-18;11;133;73
194;2015/01/01;1188;N68822;13;11;11;169;103
195;2015/01/01;1198;N38451;-3;-11;11;26;163
196;2015/01/01;1224;N87531;5;-11;11;201;120
197;2015/01/01;1296;N37471;16;-3;11;194;120
198;2015/01/01;1431;N36207;3;-5;11;26;120
199;2015/01/01;1637;N33294;6;-14;11;200;73
200;2015/01/01;1735;N66814;7;-16;11;120;163
201;2015/01/01;410;N765US;-7;-4;12;103;171
202;2015/01/01;459;N536UW;-3;10;12;133;171
203;2015/01/01;610;N560UW;-3;3;12;201;171
204;2015/01/01;72;N5EKAA;6;3;1;61;133
205;2015/01/01;196;N3FBAA;4;14;1;143;170
206;2015/01/01;304;N4XHAA;1;12;1;207;61
207;2015/01/01;175;N3EWAA;;;1;59;61
208;2015/01/01;281;N3FXAA;-1;-1;1;143;61
209;2015/01/01;233;N3BEAA;43;31;1;35;143
210;2015/01/01;1100;N3GWAA;-6;-5;1;61;124
211;2015/01/01;1103;N3HCAA;;;1;124;61
212;2015/01/01;1028;N3BFAA;1;-27;1;60;163
213;2015/01/01;1039;N541AA;6;3;1;132;61
214;2015/01/01;1055;N573AA;;;1;133;61
215;2015/01/01;1180;N3AYAA;;;1;201;61
216;2015/01/01;1345;N439AA;-4;-11;1;220;61
217;2015/01/01;1297;N3JYAA;68;50;1;124;143
218;2015/01/01;1411;N585AA;-5;-10;1;127;61
219;2015/01/01;1084;N3GFAA;-2;-9;1;143;124
220;2015/01/01;1088;N201AA;-3;7;1;118;61
221;2015/01/01;1534;N4YPAA;-4;-3;1;169;61
222;2015/01/01;1573;N467AA;-6;-20;1;218;61
223;2015/01/01;1660;N567AA;11;31;1;208;61
224;2015/01/01;2204;N3GKAA;-5;-13;1;154;143
225;2015/01/01;1515;N3HMAA;-3;-26;1;120;163
226;2015/01/01;2307;N505AA;-6;5;1;161;61
227;2015/01/01;2363;N560AA;10;30;1;160;61
228;2015/01/01;81;N577AS;-3;-13;2;200;11
229;2015/01/01;162;N792AS;-16;-9;2;74;11
230;2015/01/01;200;N767AS;-10;-9;2;200;204
231;2015/01/01;342;N440AS;-5;-16;2;200;158
232;2015/01/01;406;N589AS;-5;-13;2;169;204
233;2015/01/01;477;N453AS;-5;-9;2;120;200
234;2015/01/01;631;N512AS;-5;-12;2;171;200
235;2015/01/01;683;N618AS;-11;-34;2;60;200
236;2015/01/01;699;N532AS;-2;3;2;82;200
237;2015/01/01;130;N510JB;-3;-2;3;191;112
238;2015/01/01;154;N536JB;-1;9;3;168;112
239;2015/01/01;353;N570JB;-6;-22;3;112;168
240;2015/01/01;226;N648JB;-7;-5;3;218;112
241;2015/01/01;272;N556JB;-1;2;3;77;124
242;2015/01/01;447;N527JB;-8;-10;3;158;125
243;2015/01/01;371;N708JB;0;-6;3;124;77
244;2015/01/01;583;N531JB;-3;-19;3;112;133
245;2015/01/01;605;N766JB;-4;-21;3;73;77
246;2015/01/01;525;N645JB;-6;-1;3;112;218
247;2015/01/01;746;N587JB;-3;-5;3;178;112
248;2015/01/01;776;N236JB;-10;-18;3;154;112
249;2015/01/01;794;N519JB;-1;-10;3;15;112
250;2015/01/01;838;N715JB;1;15;3;28;112
251;2015/01/01;892;N598JB;-6;-12;3;218;26
252;2015/01/01;1678;N618JB;0;8;3;111;112
253;2015/01/01;1790;N203JB;-3;1;3;59;26
254;2015/01/01;421;N967DL;5;-19;4;112;13
255;2015/01/01;731;N323NB;4;-1;4;124;65
256;2015/01/01;743;N341NW;0;18;4;188;207
257;2015/01/01;750;N995AT;-4;-8;4;26;112
258;2015/01/01;809;N931DN;0;2;4;26;153
259;2015/01/01;904;N3748Y;1;-32;4;124;13
260;2015/01/01;977;N988DL;2;-21;4;163;13
261;2015/01/01;1088;N682DA;-3;-40;4;11;153
262;2015/01/01;1098;N966AT;1;-32;4;14;13
263;2015/01/01;1205;N612DL;124;107;4;171;13
264;2015/01/01;1234;N912DE;-6;-20;4;176;13
265;2015/01/01;1235;N358NW;-6;-10;4;133;207
266;2015/01/01;1462;N547AA;;;1;162;61
267;2015/01/01;913;N3JVAA;5;-1;1;59;143
268;2015/01/01;1961;N947DN;-6;-28;4;186;13
269;2015/01/01;2154;N813DN;-1;-20;4;120;13
270;2015/01/01;2282;N974DL;-2;-22;4;26;13
271;2015/01/01;2417;N554NW;-1;-22;4;118;65
272;2015/01/01;1540;N903DE;-10;-3;4;160;13
273;2015/01/01;1574;N532US;-10;-7;4;133;153
274;2015/01/01;1700;N952DL;17;-6;4;137;13
275;2015/01/01;1867;N934AT;-5;-24;4;220;13
276;2015/01/01;1937;N905DA;-9;-19;4;35;65
277;2015/01/01;159;N193JB;-6;-21;3;26;170
278;2015/01/01;198;N523JB;-3;2;3;133;124
279;2015/01/01;1502;N535JB;10;17;3;77;112
280;2015/01/01;1504;N640JB;27;59;3;206;112
281;2015/01/01;1600;N351JB;-8;-23;3;26;59
282;2015/01/01;2533;N906EV;-1;10;5;225;61
283;2015/01/01;4213;N17560;-5;-4;5;142;163
284;2015/01/01;4431;N14158;86;85;5;195;73
285;2015/01/01;4411;N14568;-8;-20;5;137;73
286;2015/01/01;4756;N13908;-1;18;5;45;163
287;2015/01/01;4768;N16987;-7;-2;5;225;101
288;2015/01/01;4740;N11107;-4;-10;5;85;163
289;2015/01/01;5103;N846AS;-8;-20;5;1;65
290;2015/01/01;5275;N861AS;-1;-10;5;110;13
291;2015/01/01;5491;N838AS;-8;-3;5;157;13
292;2015/01/01;5978;N21129;3;0;5;75;163
293;2015/01/01;5917;N13997;-4;-19;5;110;163
294;2015/01/01;6133;N12996;16;19;5;70;163
295;2015/01/01;6082;N12122;0;0;5;14;163
296;2015/01/01;6122;N16559;-4;-11;5;122;163
297;2015/01/01;6143;N12921;-10;-3;5;55;163
298;2015/01/01;865;;;;6;152;60
299;2015/01/01;1256;;;;6;163;143
300;2015/01/01;1104;N211FR;-4;-22;6;43;77
301;2015/01/01;1057;N919FR;-8;-6;6;103;201
302;2015/01/01;144;N924FR;5;0;6;200;60
303;2015/01/01;1056;N929FR;-8;1;6;201;103
304;2015/01/01;901;N939FR;-3;-11;6;219;13
305;2015/01/01;902;N949FR;19;24;6;13;219
306;2015/01/01;202;N491HA;-7;-4;7;95;109
307;2015/01/01;2898;N514MQ;;;8;130;61
308;2015/01/01;2957;N504MQ;;;8;10;61
309;2015/01/01;2962;N609MQ;;;8;44;61
310;2015/01/01;3014;N908MQ;;;8;97;61
311;2015/01/01;3015;N825MQ;;;8;61;31
312;2015/01/01;3079;N646MQ;;;8;113;61
313;2015/01/01;3189;N532MQ;;;8;40;61
314;2015/01/01;3302;N649MQ;;;8;146;61
315;2015/01/01;3338;N925MQ;;;8;90;61
316;2015/01/01;3350;N830MQ;-5;3;8;185;112
317;2015/01/01;3355;N618MQ;-4;-7;8;54;143
318;2015/01/01;3251;N615MQ;;;8;141;61
319;2015/01/01;3377;N631MQ;;;8;148;61
320;2015/01/01;3441;N698MQ;;;8;217;61
321;2015/01/01;3540;N602MQ;-5;-12;8;176;143
322;2015/01/01;3488;N620MQ;0;-5;8;19;143
323;2015/01/01;3597;N612MQ;;;8;54;61
324;2015/01/01;3611;N902MQ;;;8;37;61
325;2015/01/01;3678;N625MQ;;;8;223;61
326;2015/01/01;188;N505NK;-9;-8;9;158;118
327;2015/01/01;925;N634NK;0;-29;9;61;158
328;2015/01/01;943;N605NK;102;86;9;7;191
329;2015/01/01;316;N601NK;-2;58;9;65;124
330;2015/01/01;972;N606NK;3;35;9;61;77
331;2015/01/01;2622;N492SW;-9;-2;10;208;120
332;2015/01/01;6360;N952SW;0;8;10;182;60
333;2015/01/01;6369;N763SK;4;6;10;221;201
334;2015/01/01;5330;N652BR;-8;-29;10;67;163
335;2015/01/01;5292;N971SW;-4;-4;10;62;163
336;2015/01/01;6276;N715SK;-3;2;10;78;163
337;2015/01/01;6235;N114SY;-4;-16;10;15;201
338;2015/01/01;3489;N227AG;-3;3;10;76;200
339;2015/01/01;3461;N223AG;-10;-19;10;162;169
340;2015/01/01;7423;N427SW;-10;-3;10;106;29
341;2015/01/01;5318;N946SW;;;10;48;163
342;2015/01/01;5445;N579SW;;;10;208;201
343;2015/01/01;5242;N744SK;39;30;10;25;120
344;2015/01/01;5462;N929EV;4;5;10;211;163
345;2015/01/01;5466;N568SW;54;88;10;42;120
346;2015/01/01;5550;N594SW;-1;-1;10;49;60
347;2015/01/01;5574;N563SW;0;7;10;76;201
348;2015/01/01;3221;N682MQ;-5;-11;8;46;143
349;2015/01/01;3224;N631MQ;;;8;129;61
350;2015/01/01;5522;N796SK;1;4;10;177;60
351;2015/01/01;5592;N494CA;4;9;10;52;60
352;2015/01/01;5604;N292SW;-10;10;10;6;201
353;2015/01/01;5170;N791SK;22;12;10;57;103
354;2015/01/01;5429;N958SW;-9;-23;10;166;163
355;2015/01/01;5435;N976SW;-4;-1;10;177;201
356;2015/01/01;6378;N767SK;10;-1;10;40;163
357;2015/01/01;6401;N740SK;-3;-7;10;72;201
358;2015/01/01;6332;N708SK;-4;9;10;61;60
359;2015/01/01;6346;N291SW;-5;-12;10;150;201
360;2015/01/01;6465;N495CA;4;-6;10;207;120
361;2015/01/01;7392;N438SW;-2;-21;10;71;65
362;2015/01/01;6403;N983SW;-3;-6;10;139;201
363;2015/01/01;6497;N913SW;-1;33;10;76;60
364;2015/01/01;576;N817UA;-9;-23;11;201;73
365;2015/01/01;1410;N76523;0;-7;11;118;103
366;2015/01/01;1689;N39461;1;-20;11;73;201
367;2015/01/01;6020;N11121;-2;-9;5;107;60
368;2015/01/01;113;N486HA;-4;-2;7;95;126
369;2015/01/01;5629;N726SK;31;17;10;179;201
370;2015/01/01;6420;N924SW;131;144;10;179;60
371;2015/01/01;223;N816UA;8;0;11;194;103
372;2015/01/01;996;N406UA;0;-32;11;120;73
373;2015/01/01;1721;N75425;-2;-14;11;120;201
374;2015/01/01;4390;N15986;-5;-1;5;43;101
375;2015/01/01;5732;N833AS;2;7;5;37;101
376;2015/01/01;756;N948FR;0;4;6;171;60
377;2015/01/01;234;N838UA;8;19;11;208;103
378;2015/01/01;415;N509UA;0;-4;11;112;201
379;2015/01/01;647;N664AW;9;13;12;26;171
380;2015/01/01;829;N723UW;-4;-3;12;26;45
381;2015/01/01;1743;N839AW;-4;-26;12;65;143
382;2015/01/01;1023;N73276;-5;-10;11;77;73
383;2015/01/01;2505;N467WN;-1;-9;14;82;60
384;2015/01/01;239;N653SW;-6;-22;14;194;214
385;2015/01/01;474;N614SW;4;0;14;162;60
386;2015/01/01;1245;N39726;-3;-21;11;43;73
387;2015/01/01;560;N663AW;7;8;12;61;171
388;2015/01/01;310;N201AA;;;1;138;61
389;2015/01/01;375;N4WLAA;-8;-17;1;214;61
390;2015/01/01;378;N3BGAA;-8;11;1;206;143
391;2015/01/01;1291;N4XYAA;0;-11;1;144;61
392;2015/01/01;320;N622AS;-3;-3;2;200;201
393;2015/01/01;602;N407AS;-3;0;2;200;118
394;2015/01/01;233;N247JB;-12;-16;3;32;112
395;2015/01/01;601;N559JB;-2;-2;3;112;77
396;2015/01/01;735;N821JB;-8;-14;3;201;125
397;2015/01/01;922;N809JB;16;28;3;168;26
398;2015/01/01;1184;N641JB;-5;10;3;133;112
399;2015/01/01;1434;N503JB;93;88;3;206;133
400;2015/01/01;1065;N975DL;-4;-26;4;17;13
401;2015/01/01;1456;N3759 ;56;39;4;185;13
402;2015/01/01;1723;N336NB;-1;-2;4;201;207
403;2015/01/01;4642;N14143;8;19;5;221;103
404;2015/01/01;4928;N933EV;-5;-24;5;172;13
405;2015/01/01;609;N223FR;-9;-19;6;105;60
406;2015/01/01;821;N920FR;2;6;6;132;60
407;2015/01/01;133;N951FR;57;52;6;61;60
408;2015/01/01;2881;N907MQ;;;8;79;61
409;2015/01/01;2771;N667MQ;;;8;8;61
410;2015/01/01;3288;N838MQ;;;8;212;61
411;2015/01/01;3328;N640MQ;;;8;5;61
412;2015/01/01;3408;N625MQ;;;8;205;61
413;2015/01/01;3643;N923MQ;;;8;110;61
414;2015/01/01;286;N480HA;-5;-1;7;95;159
415;2015/01/01;5181;N788SK;-3;9;10;160;120
416;2015/01/01;6499;N945SW;5;-3;10;75;60
417;2015/01/01;1160;N76522;-5;-2;11;201;103
418;2015/01/01;1601;N37466;-8;-37;11;73;77
419;2015/01/01;6461;N959SW;-7;2;10;155;60
420;2015/01/01;606;N623NK;-6;7;9;191;65
421;2015/01/01;7389;N561SW;-5;-9;10;81;187
422;2015/01/01;220;N813UA;-2;-14;11;154;73
423;2015/01/01;654;N422UA;-5;-21;11;163;133
424;2015/01/01;6119;N16951;0;4;5;186;163
425;2015/01/01;5456;N920SW;-9;-23;10;184;201
426;2015/01/01;205;N484HA;-8;-4;7;159;95
427;2015/01/01;4494;N431SW;-10;12;10;204;207
428;2015/01/01;5370;N979SW;-3;-13;10;163;131
429;2015/01/01;1709;N677AW;6;15;12;73;45
430;2015/01/01;828;N8303R;0;-24;14;171;35
431;2015/01/01;1632;N37464;-5;-29;11;200;101
432;2015/01/01;1725;N72405;-4;-20;11;118;201
433;2015/01/01;168;N5BSAA;-7;-18;1;61;143
434;2015/01/01;1315;N424AA;;;1;24;61
435;2015/01/01;1336;N3LCAA;-7;-6;1;171;61
436;2015/01/01;1619;N3AMAA;-5;-17;1;26;143
437;2015/01/01;1686;N4XXAA;-1;-11;1;120;214
438;2015/01/01;345;N469AS;-2;-8;2;158;200
439;2015/01/01;454;N442AS;1;-4;2;200;120
440;2015/01/01;57;N348JB;-7;-24;3;26;101
441;2015/01/01;24;N923JB;10;-11;3;120;112
442;2015/01/01;1279;N355JB;-7;-14;3;59;77
443;2015/01/01;1836;N281JB;-7;-35;3;65;26
444;2015/01/01;1361;N3KYAA;-3;-8;1;24;120
445;2015/01/01;327;N692DL;-2;-31;4;170;13
446;2015/01/01;1492;N819DN;106;93;4;171;153
447;2015/01/01;1554;N760JB;15;19;3;206;77
448;2015/01/01;4556;N41104;-3;-3;5;226;103
449;2015/01/01;6071;N14186;7;12;5;92;60
450;2015/01/01;1252;N910FR;38;40;6;143;124
451;2015/01/01;3323;N613MQ;-1;-15;8;186;143
452;2015/01/01;3601;N530MQ;-7;-25;8;65;124
453;2015/01/01;3551;N663MQ;-5;-4;8;164;143
454;2015/01/01;5572;N970SW;-10;-29;10;149;60
455;2015/01/01;1312;N021AA;-8;-28;1;214;143
456;2015/01/01;269;N834JB;-4;-20;3;26;77
457;2015/01/01;4506;N12552;29;28;5;147;103
458;2015/01/01;5337;N961SW;;;10;130;60
459;2015/01/01;562;N510NK;-5;-9;9;120;118
460;2015/01/01;416;N496UA;-2;-13;11;169;163
461;2015/01/01;1403;N763JB;-2;-23;3;112;206
462;2015/01/01;107;N476HA;6;11;7;115;95
463;2015/01/01;4681;N783CA;-7;-10;10;72;207
464;2015/01/01;1754;N815AW;-10;-5;12;188;171
465;2015/01/01;1789;N543UW;14;-7;12;171;45
466;2015/01/01;1966;N466WN;136;116;14;46;13
467;2015/01/01;2351;N7728D;-3;-7;14;97;13
468;2015/01/01;137;N621SW;-2;-4;14;97;171
469;2015/01/01;1125;N3KCAA;;;1;65;61
470;2015/01/01;1165;N3ACAA;-2;-13;1;26;112
471;2015/01/01;1581;N3KGAA;;;1;61;59
472;2015/01/01;2253;N437AA;3;-6;1;153;61
473;2015/01/01;504;N627AS;-6;-5;2;200;210
474;2015/01/01;99;N274JB;-8;-23;3;17;59
475;2015/01/01;962;N709JB;76;90;3;206;26
476;2015/01/01;2006;N566JB;0;8;3;77;73
477;2015/01/01;828;N910AT;-2;-13;4;148;13
478;2015/01/01;978;N693DL;-4;-10;4;193;207
479;2015/01/01;985;N352NW;-6;-13;4;118;207
480;2015/01/01;1275;N920DN;-6;3;4;59;65
481;2015/01/01;2384;N361NB;-7;16;4;208;207
482;2015/01/01;1610;N385DN;-2;-44;4;60;65
483;2015/01/01;1866;N827DN;1;-3;4;201;13
484;2015/01/01;1919;N321NB;-4;-4;4;124;153
485;2015/01/01;2522;N879AS;364;376;5;119;61
486;2015/01/01;2512;N901EV;-11;-24;5;30;61
487;2015/01/01;2572;N876AS;-8;-11;5;173;136
488;2015/01/01;4531;N14204;8;36;5;39;103
489;2015/01/01;4655;N13202;6;9;5;137;103
490;2015/01/01;5123;N847AS;-6;-12;5;140;13
491;2015/01/01;582;N221FR;2;14;6;207;60
492;2015/01/01;439;N931FR;-6;-12;6;161;60
493;2015/01/01;2958;N657MQ;;;8;75;61
494;2015/01/01;3432;N546MQ;164;161;8;59;112
495;2015/01/01;3613;N932MQ;;;8;151;61
496;2015/01/01;3568;N528MQ;-5;-20;8;46;124
497;2015/01/01;5348;N562SW;-2;-9;10;198;120
498;2015/01/01;5256;N789SK;-1;13;10;50;103
499;2015/01/01;4747;N810SK;-3;-1;10;158;207
500;2015/01/01;5464;N296SW;-4;11;10;117;60
501;2015/01/01;5608;N930SW;-1;-5;10;193;120
502;2015/01/01;5636;N237SW;-7;-10;10;18;201
503;2015/01/01;6571;N886AS;16;56;10;63;171
504;2015/01/01;6573;N468CA;-5;-15;10;150;171
505;2015/01/01;6616;N897SK;-1;10;10;76;171
506;2015/01/01;612;N635NK;2;-19;9;153;163
507;2015/01/01;940;N508NK;3;-17;9;61;163
508;2015/01/01;6368;N874AS;-4;-9;10;20;60
509;2015/01/01;101;N492HA;-1;1;7;109;95
510;2015/01/01;762;N775JB;12;11;3;168;124
511;2015/01/01;5249;N118SY;29;-3;10;194;163
512;2015/01/01;207;N446UA;-6;-5;11;77;103
513;2015/01/01;1931;N833AW;5;4;12;33;45
514;2015/01/01;732;N824UA;-7;-28;11;200;163
515;2015/01/01;698;N422WN;3;-9;14;46;77
516;2015/01/01;799;N7736A;-2;-2;14;118;97
517;2015/01/01;687;N789SW;11;-4;14;180;133
518;2015/01/01;823;N7707C;0;-23;14;193;35
519;2015/01/01;603;N461WN;-3;-29;14;193;135
520;2015/01/01;885;N276WN;-5;-10;14;208;171
521;2015/01/01;1192;N69804;-2;-9;11;193;60
522;2015/01/01;1568;N24212;-5;-42;11;193;73
523;2015/01/01;460;N640AW;-6;-9;12;204;171
524;2015/01/01;269;N557AA;;;1;204;61
525;2015/01/01;1186;N5CPAA;-6;-5;1;61;26
526;2015/01/01;1390;N496AA;-8;-24;1;193;61
527;2015/01/01;2420;N3ERAA;-1;-1;1;120;61
528;2015/01/01;545;N519AS;-7;-10;2;162;200
529;2015/01/01;955;N3AAAA;-8;10;1;185;143
530;2015/01/01;2129;N911DA;3;-10;4;189;13
531;2015/01/01;1518;N591NW;-7;-9;4;133;13
532;2015/01/01;1588;N327NB;-1;6;4;59;153
533;2015/01/01;4468;N14125;1;24;5;37;103
534;2015/01/01;5534;N695CA;0;-14;5;31;13
535;2015/01/01;1338;N906FR;-11;-15;6;101;153
536;2015/01/01;3205;N680MQ;;;8;195;61
537;2015/01/01;3173;N614MQ;;;8;86;61
538;2015/01/01;470;N534NK;-4;-12;9;169;193
539;2015/01/01;742;N632NK;5;-5;9;61;153
540;2015/01/01;4762;N935SW;10;9;10;179;207
541;2015/01/01;4716;N8903A;-3;-7;10;107;153
542;2015/01/01;5616;N961SW;0;3;10;94;60
543;2015/01/01;1026;N39423;16;20;11;133;103
544;2015/01/01;1481;N318JB;-5;-11;3;26;186
545;2015/01/01;344;N932FR;-9;-12;6;36;60
546;2015/01/01;4624;N822SK;-2;12;10;76;207
547;2015/01/01;6372;N742SK;4;-2;10;78;60
548;2015/01/01;200;N530NK;-3;-15;9;103;163
549;2015/01/01;206;N487UA;-1;-3;11;73;103
550;2015/01/01;1515;N902DE;-3;-31;4;174;65
551;2015/01/01;1982;N152UW;-9;-10;12;77;45
552;2015/01/01;525;N471UA;-1;3;11;143;73
553;2015/01/01;871;N7814B;0;-19;14;60;13
554;2015/01/01;343;N8649A;0;11;14;135;171
555;2015/01/01;598;N561UW;-1;-17;12;120;170
556;2015/01/01;127;N3GHAA;-3;17;1;101;61
557;2015/01/01;387;N4XXAA;;;1;120;15
558;2015/01/01;1079;N3KKAA;-5;7;1;45;61
559;2015/01/01;1207;N3DPAA;164;167;1;170;61
560;2015/01/01;1343;N3GLAA;-7;-18;1;61;45
561;2015/01/01;1635;N025AA;;;1;13;61
562;2015/01/01;2379;N3KPAA;-7;5;1;185;61
563;2015/01/01;2272;N514AA;-6;-22;1;194;61
564;2015/01/01;124;N593AS;-11;4;2;74;200
565;2015/01/01;70;N228JB;-1;5;3;77;26
566;2015/01/01;966;N580JB;3;3;3;191;26
567;2015/01/01;891;N924DN;-4;-19;4;143;13
568;2015/01/01;2234;N970DL;44;36;4;35;153
569;2015/01/01;2480;N979AT;-6;-35;4;134;13
570;2015/01/01;2180;N368JB;-6;-11;3;73;26
571;2015/01/01;5221;N921EV;-15;-25;5;199;65
572;2015/01/01;308;N935FR;-7;-6;6;82;60
573;2015/01/01;3609;N836MQ;;;8;122;61
574;2015/01/01;3634;N606MQ;;;8;226;61
575;2015/01/01;969;N516NK;-6;4;9;35;163
576;2015/01/01;6557;N889AS;-3;12;10;196;171
577;2015/01/01;6564;N896SK;-8;-11;10;198;171
578;2015/01/01;4418;N14153;-6;-4;5;176;103
579;2015/01/01;6230;N727SK;-6;-9;10;50;60
580;2015/01/01;3272;N23139;-4;-10;5;43;163
581;2015/01/01;104;N477HA;-7;-9;7;126;95
582;2015/01/01;7396;N675BR;-1;1;10;222;207
583;2015/01/01;1592;N723TW;-1;-19;4;193;13
584;2015/01/01;195;N69818;11;5;11;17;163
585;2015/01/01;649;N912UY;-5;4;12;120;171
586;2015/01/01;674;N831AW;0;22;12;73;171
587;2015/01/01;835;N293AY;0;-2;12;170;45
588;2015/01/01;572;N404UA;28;20;11;15;103
589;2015/01/01;577;N458UA;76;55;11;201;73
590;2015/01/01;5628;N507CA;-11;-6;10;188;201
591;2015/01/01;4570;N8611F;4;-9;14;200;135
592;2015/01/01;660;N275WN;-1;3;14;206;218
593;2015/01/01;1231;N17229;2;-15;11;95;120
594;2015/01/01;401;N732US;-7;-1;12;45;170
595;2015/01/01;433;N601AW;-2;5;12;112;171
596;2015/01/01;567;N524UW;-7;7;12;193;171
597;2015/01/01;595;N519UW;164;156;12;162;171
598;2015/01/01;148;N3EJAA;-6;-11;1;143;45
599;2015/01/01;330;N3EWAA;-4;8;1;168;163
600;2015/01/01;1381;N492AA;-3;10;1;73;61
601;2015/01/01;157;N762AS;-8;-10;2;11;165
602;2015/01/01;499;N551AS;-3;-9;2;193;200
603;2015/01/01;573;N467AS;-6;-8;2;193;169
604;2015/01/01;23;N937JB;-3;4;3;112;120
605;2015/01/01;1099;N508JB;-1;-30;3;124;133
606;2015/01/01;929;N526JB;-2;-17;3;112;191
607;2015/01/01;1285;N184JB;19;2;3;26;174
608;2015/01/01;418;N706TW;-2;-20;4;201;112
609;2015/01/01;783;N962DN;-4;-16;4;153;13
610;2015/01/01;1984;N946DN;-5;-22;4;15;13
611;2015/01/01;2114;N397DA;2;-7;4;50;13
612;2015/01/01;2283;N695DL;-2;-31;4;65;13
613;2015/01/01;2370;N339NB;-6;-3;4;154;124
614;2015/01/01;1598;N669DN;1;13;4;200;13
615;2015/01/01;1809;N970AT;-1;-38;4;73;13
616;2015/01/01;1872;N6705Y;-1;-15;4;218;13
617;2015/01/01;2549;N909EV;0;1;5;27;61
618;2015/01/01;3261;N13123;-1;-7;5;186;101
619;2015/01/01;3929;N13118;0;-13;5;73;111
620;2015/01/01;4306;N13970;-7;-5;5;84;103
621;2015/01/01;295;N202FR;80;69;6;218;60
622;2015/01/01;711;N203FR;17;9;6;191;60
623;2015/01/01;1246;N912FR;4;17;6;60;61
624;2015/01/01;1108;N947FR;-2;-6;6;43;133
625;2015/01/01;2913;N600MQ;;;8;84;61
626;2015/01/01;3649;N935MQ;;;8;140;61
627;2015/01/01;2604;N693BR;-10;-16;10;193;120
628;2015/01/01;379;N503NK;-9;10;9;7;156
629;2015/01/01;5381;N937SW;-7;7;10;213;163
630;2015/01/01;4553;N820SK;-6;-9;10;25;120
631;2015/01/01;5186;N471CA;7;-4;10;201;193
632;2015/01/01;5581;N755SK;0;12;10;153;120
633;2015/01/01;6588;N885AS;0;-1;10;18;171
634;2015/01/01;1534;N75432;-2;-5;11;218;163
635;2015/01/01;5764;N832AS;-5;-17;5;163;101
636;2015/01/01;114;N493HA;-5;-6;7;95;159
637;2015/01/01;675;N294JB;-8;2;3;112;154
638;2015/01/01;5297;N908SW;-10;-25;10;144;163
639;2015/01/01;410;N403UA;-2;19;11;143;163
640;2015/01/01;700;N675AW;-8;-23;12;200;170
641;2015/01/01;1926;N7745A;-1;-10;14;194;13
642;2015/01/01;1119;N965WN;-3;-6;14;169;135
643;2015/01/01;474;N604AW;-7;-13;12;118;171
644;2015/01/01;129;N4WPAA;13;8;1;111;61
645;2015/01/01;1349;N4XJAA;;;1;154;61
646;2015/01/01;1543;N486AA;-8;-27;1;174;61
647;2015/01/01;2220;N586AA;-12;-9;1;50;61
648;2015/01/01;240;N569AS;-6;-8;2;200;193
649;2015/01/01;576;N323AS;-7;-12;2;169;193
650;2015/01/01;724;N612AS;-10;-10;2;200;207
651;2015/01/01;475;N599JB;-6;8;3;180;133
652;2015/01/01;1467;N216JB;-11;-26;3;98;168
653;2015/01/01;1441;N3GYAA;21;45;1;112;118
654;2015/01/01;2005;N990DL;-3;-17;4;145;13
655;2015/01/01;2290;N963DN;-2;-41;4;174;13
656;2015/01/01;1864;N360NW;-3;-10;4;193;153
657;2015/01/01;5579;N136EV;-7;-20;5;1;13
658;2015/01/01;3443;N635MQ;;;8;211;61
659;2015/01/01;4758;N440SW;-9;-1;10;175;65
660;2015/01/01;3460;N219AG;0;-13;10;169;162
661;2015/01/01;665;N401UA;-6;-15;11;191;73
662;2015/01/01;1056;N922DX;-5;-2;4;204;153
663;2015/01/01;4577;N455SW;-3;-17;10;41;65
664;2015/01/01;1718;N939UW;-3;-8;12;133;45
665;2015/01/01;1943;N508AY;-3;-2;12;35;45
666;2015/01/01;1946;N915US;8;-9;12;73;45
667;2015/01/01;795;N968WN;-3;-19;14;15;13
668;2015/01/01;692;N221WN;-4;-16;14;38;133
669;2015/01/01;1170;N902WN;-1;-15;14;77;118
670;2015/01/01;653;N934WN;-5;-12;14;144;118
671;2015/01/01;890;N717SA;-7;-16;14;171;135
672;2015/01/01;832;N8616C;0;-5;14;204;118
673;2015/01/01;1284;N11206;-1;-37;11;118;73
674;2015/01/01;1748;N16703;3;2;11;163;73
675;2015/01/01;1305;N456AA;-7;-3;1;64;61
676;2015/01/01;1285;N576AA;;;1;103;61
677;2015/01/01;1562;N475AA;-4;-7;1;186;61
678;2015/01/01;548;N306AS;-8;14;2;22;200
679;2015/01/01;558;N307AS;3;-5;2;169;120
680;2015/01/01;560;N435AS;-4;-16;2;200;179
681;2015/01/01;569;N471AS;-1;-7;2;120;169
682;2015/01/01;662;N302AS;-7;10;2;200;61
683;2015/01/01;709;N769AS;67;50;2;207;204
684;2015/01/01;2476;N3LEAA;-6;20;1;17;143
685;2015/01/01;1332;N540US;0;-8;4;191;13
686;2015/01/01;2135;N990AT;-6;-11;4;218;124
687;2015/01/01;2276;N909DE;-2;-7;4;133;124
688;2015/01/01;2566;N913DN;-4;-5;4;201;153
689;2015/01/01;2506;N904EV;-2;-11;5;53;61
690;2015/01/01;2555;N830AS;16;14;5;203;61
691;2015/01/01;2561;N877AS;-1;8;5;31;61
692;2015/01/01;2537;N902EV;3;-10;5;147;61
693;2015/01/01;2775;N613MQ;;;8;172;61
694;2015/01/01;2966;N855MQ;;;8;190;61
695;2015/01/01;3359;N905MQ;;;8;80;61
696;2015/01/01;3476;N653MQ;-6;11;8;39;143
697;2015/01/01;3589;N692MQ;-3;-1;8;89;143
698;2015/01/01;705;N588NK;108;97;9;124;77
699;2015/01/01;567;N504NK;-2;-11;9;65;13
700;2015/01/01;417;N587NK;3;-16;9;65;77
701;2015/01/01;3456;N217AG;-2;-3;10;169;34
702;2015/01/01;5492;N703SK;3;17;10;151;163
703;2015/01/01;6495;N932EV;-6;-20;10;50;120
704;2015/01/01;5291;N564SW;0;-16;10;81;60
705;2015/01/01;536;N852UA;-8;-22;11;120;103
706;2015/01/01;259;N427UA;8;-15;11;210;103
707;2015/01/01;792;N802UA;33;37;11;33;163
708;2015/01/01;922;N361VA;-7;-16;13;201;120
709;2015/01/01;3213;N8612K;4;-26;14;57;135
710;2015/01/01;2599;N912WN;3;-2;14;127;57
711;2015/01/01;2199;N400WN;0;-18;14;142;133
712;2015/01/01;3739;N780SW;-1;-29;14;9;133
713;2015/01/01;1188;N783SW;-3;-25;14;194;35
714;2015/01/01;4563;N642WN;-4;2;14;160;13
715;2015/01/01;593;N163US;0;-12;12;210;171
716;2015/01/01;323;N520AA;;;1;61;214
717;2015/01/01;1107;N3ADAA;-4;-3;1;124;61
718;2015/01/01;1234;N3MCAA;-4;-18;1;118;163
719;2015/01/01;1283;N3CRAA;-4;-12;1;24;143
720;2015/01/01;1287;N3BBAA;29;16;1;153;143
721;2015/01/01;1300;N3FRAA;0;-14;1;210;61
722;2015/01/01;2326;N3KEAA;33;31;1;143;59
723;2015/01/01;318;N183JB;-7;-12;3;112;26
724;2015/01/01;1137;N374JB;-3;-12;3;26;65
725;2015/01/01;716;N944DL;-8;;4;161;13
726;2015/01/01;765;N329NB;-3;-23;4;174;153
727;2015/01/01;801;N633DL;-4;-21;4;210;13
728;2015/01/01;827;N678DL;-6;-19;4;77;13
729;2015/01/01;860;N324NB;-3;-8;4;210;153
730;2015/01/01;886;N918DL;-1;8;4;13;124
731;2015/01/01;1135;N309DE;-1;-26;4;19;13
732;2015/01/01;1324;N908DE;-3;-20;4;24;13
733;2015/01/01;1449;N3KDAA;;;1;77;61
734;2015/01/01;246;N391DA;-3;-31;4;193;112
735;2015/01/01;2395;N469AA;-1;-5;1;19;61
736;2015/01/01;4438;N26141;;;5;96;103
737;2015/01/01;6042;N21144;32;28;5;128;60
738;2015/01/01;110;N206FR;26;16;6;60;153
739;2015/01/01;782;N219FR;-3;8;6;118;60
740;2015/01/01;268;N921FR;-7;-8;6;210;60
741;2015/01/01;2965;N637MQ;;;8;202;61
742;2015/01/01;3009;N651MQ;-3;-9;8;47;61
743;2015/01/01;3431;N820MQ;;;8;51;61
744;2015/01/01;301;N626NK;4;-11;9;35;77
745;2015/01/01;725;N525NK;-8;8;9;132;103
746;2015/01/01;6262;N953SW;-9;-11;10;91;60
747;2015/01/01;4811;N443SW;-8;-14;10;24;54
748;2015/01/01;6502;N785SK;12;-1;10;210;201
749;2015/01/01;6523;N754SK;16;2;10;171;120
750;2015/01/01;4974;N792SK;-4;7;10;13;103
751;2015/01/01;7385;N301YV;-10;7;10;68;207
752;2015/01/01;1208;N273JB;-6;1;3;101;112
753;2015/01/01;338;N481HA;-8;-6;7;95;115
754;2015/01/01;6291;N706SK;-3;-7;10;76;201
755;2015/01/01;1212;N582NW;-2;-9;4;120;153
756;2015/01/01;284;N832UA;61;48;11;171;201
757;2015/01/01;1866;N626AW;3;-9;12;174;45
758;2015/01/01;2071;N553UW;-3;-13;12;153;45
759;2015/01/01;985;N8315C;-7;-34;14;35;133
760;2015/01/01;739;N927WN;-3;-16;14;154;13
761;2015/01/01;2964;N481WN;4;4;14;171;57
762;2015/01/01;1291;N33209;-5;0;11;77;163
763;2015/01/01;408;N521UW;-10;16;12;170;171
764;2015/01/01;338;N3DJAA;-6;-7;1;120;201
765;2015/01/01;1371;N477AA;-9;-13;1;137;61
766;2015/01/01;1318;N5CDAA;-5;2;1;26;61
767;2015/01/01;1595;N553AA;-3;-15;1;15;61
768;2015/01/01;2226;N426AA;70;70;1;61;218
769;2015/01/01;2429;N4XPAA;3;-15;1;43;61
770;2015/01/01;2424;N3DLAA;-9;-1;1;120;61
771;2015/01/01;321;N613AS;-3;-14;2;204;200
772;2015/01/01;582;N611AS;-1;-10;2;169;210
773;2015/01/01;629;N626AS;-13;-18;2;118;169
774;2015/01/01;805;N588AS;-6;-14;2;200;208
775;2015/01/01;148;N659JB;-2;-9;3;125;158
776;2015/01/01;476;N196DN;0;-11;4;120;112
777;2015/01/01;1085;N994AT;8;-1;4;16;13
778;2015/01/01;2512;N937AT;1;-8;4;99;13
779;2015/01/01;6175;N13124;-6;-5;5;24;163
780;2015/01/01;3082;N918MQ;;;8;192;61
781;2015/01/01;2973;N628MQ;;;8;88;61
782;2015/01/01;3294;N509MQ;10;-10;8;227;163
783;2015/01/01;3268;N694MQ;-4;-5;8;215;163
784;2015/01/01;3419;N939MQ;;;8;123;61
785;2015/01/01;729;N629NK;34;14;9;163;218
786;2015/01/01;5536;N779SK;71;55;10;179;103
787;2015/01/01;5428;N679SA;0;11;10;100;60
788;2015/01/01;464;N434UA;1;-16;11;26;73
789;2015/01/01;332;N483HA;47;53;7;95;109
790;2015/01/01;1101;N5ENAA;-3;-7;1;112;143
791;2015/01/01;111;N522NK;22;26;9;65;118
792;2015/01/01;1077;N37462;-4;-15;11;73;143
793;2015/01/01;1510;N37255;2;-10;11;193;103
794;2015/01/01;204;N810UA;-1;-1;11;61;103
795;2015/01/01;773;N701UW;-10;-13;12;186;45
796;2015/01/01;1960;N644AW;-1;-7;12;218;45
797;2015/01/01;670;N457UA;-1;-1;11;218;73
798;2015/01/01;707;N706SW;-4;-30;14;38;13
799;2015/01/01;537;N799SW;-4;-4;14;133;13
800;2015/01/01;897;N427WN;0;3;14;3;57
801;2015/01/01;753;N443WN;1;-20;14;180;77
802;2015/01/01;969;N268WN;-4;-24;14;170;77
803;2015/01/01;4120;N247WN;-2;-8;14;170;118
804;2015/01/01;299;N857AA;4;1;1;143;60
805;2015/01/01;367;N494AA;;;1;220;61
806;2015/01/01;222;N3JSAA;-5;-33;1;120;26
807;2015/01/01;1104;N3LAAA;-8;-22;1;61;124
808;2015/01/01;1373;N549AA;-8;2;1;35;61
809;2015/01/01;2401;N858AA;;;1;61;120
810;2015/01/01;16;N934JB;-3;-9;3;201;112
811;2015/01/01;1071;N932DN;-2;-10;4;144;153
812;2015/01/01;2090;N698DL;-3;-12;4;169;153
813;2015/01/01;2324;N206JB;-4;-8;3;133;59
814;2015/01/01;2702;N571JB;-10;-22;3;112;33
815;2015/01/01;1651;N954DN;-3;-41;4;153;118
816;2015/01/01;1818;N555NW;-1;-7;4;13;133
817;2015/01/01;3924;N14960;-8;-13;5;138;103
818;2015/01/01;907;N926FR;24;3;6;219;185
819;2015/01/01;3063;N511MQ;;;8;69;163
820;2015/01/01;3110;N688MQ;2;-19;8;99;163
821;2015/01/01;3188;N507MQ;17;35;8;3;163
822;2015/01/01;821;N490UA;0;-5;11;185;201
823;2015/01/01;312;N833UA;-3;-5;11;73;120
824;2015/01/01;823;N128UW;-4;-15;12;59;45
825;2015/01/01;1052;N69838;-1;-7;11;133;73
826;2015/01/01;1553;N3JNAA;-6;-20;1;59;143
827;2015/01/01;15;N944JB;0;-24;3;112;201
828;2015/01/01;453;N652JB;-4;-23;3;112;168
829;2015/01/01;1547;N997DL;-1;-31;4;124;13
830;2015/01/01;6618;N506CA;-1;-11;10;179;171
831;2015/01/01;5366;N930EV;;;10;66;114
832;2015/01/01;356;N432UA;10;1;11;9;163
833;2015/01/01;392;N456UA;-2;-17;11;169;201
834;2015/01/01;417;N429UA;-1;-19;11;73;218
835;2015/01/01;852;N715UW;-5;-20;12;111;45
836;2015/01/01;1722;N825AW;-8;-24;12;43;45
837;2015/01/01;1877;N826AW;-6;-7;12;45;143
838;2015/01/01;1961;N566UW;-4;-9;12;103;45
839;2015/01/01;1978;N827AW;-3;-17;12;105;45
840;2015/01/01;2064;N538UW;-5;2;12;61;45
841;2015/01/01;463;N482UA;-2;-5;11;124;163
842;2015/01/01;514;N411UA;-4;-16;11;26;103
843;2015/01/01;521;N854UA;0;13;11;26;163
844;2015/01/01;736;N522UA;-1;-12;11;201;73
845;2015/01/01;795;N843UA;1;7;11;210;60
846;2015/01/01;1027;N38424;-2;-17;11;201;103
847;2015/01/01;399;N852VA;-5;2;13;112;120
848;2015/01/01;897;N845VA;-1;-6;13;118;201
849;2015/01/01;473;N423WN;0;-3;14;33;77
850;2015/01/01;309;N657SW;-2;-11;14;35;97
851;2015/01/01;369;N8312C;-5;-14;14;35;118
852;2015/01/01;4635;N8305E;0;7;14;43;171
853;2015/01/01;1019;N792SW;-5;12;14;59;57
854;2015/01/01;194;N939WN;4;-2;14;108;77
855;2015/01/01;2511;N7735A;3;-4;14;135;57
856;2015/01/01;767;N497WN;-1;-14;14;135;218
857;2015/01/01;390;N283WN;-4;-23;14;153;135
858;2015/01/01;443;N628SW;-2;-22;14;174;133
859;2015/01/01;921;N962WN;-5;-16;14;194;24
860;2015/01/01;2373;N237WN;0;-6;14;97;133
861;2015/01/01;1195;N57864;328;306;11;133;201
862;2015/01/01;1697;N14107;6;13;11;73;60
863;2015/01/01;424;N161UW;-2;-5;12;163;171
864;2015/01/01;461;N540UW;-2;-11;12;13;45
865;2015/01/01;568;N565UW;1;1;12;207;171
866;2015/01/01;590;N758US;-1;2;12;25;171
867;2015/01/01;621;N185UW;1;5;12;59;171
868;2015/01/01;9;N792AA;-11;6;1;112;120
869;2015/01/01;17;N019AA;-4;-10;1;13;143
870;2015/01/01;118;N788AA;-10;-49;1;120;112
871;2015/01/01;68;N5EGAA;3;-4;1;201;143
872;2015/01/01;201;N3LJAA;-7;10;1;26;120
873;2015/01/01;204;N5DXAA;-3;6;1;143;118
874;2015/01/01;309;N4YDAA;-8;4;1;61;24
875;2015/01/01;315;N3MAAA;-2;-2;1;124;163
876;2015/01/01;1242;N489AA;45;45;1;76;61
877;2015/01/01;1247;N3CHAA;-1;5;1;26;163
878;2015/01/01;1258;N491AA;-4;-6;1;118;61
879;2015/01/01;1273;N023AA;83;112;1;143;103
880;2015/01/01;1354;N504AA;-5;-11;1;61;133
881;2015/01/01;1529;N5DHAA;-2;-9;1;133;120
882;2015/01/01;1582;N5EYAA;-4;-15;1;143;26
883;2015/01/01;1699;N425AA;-4;-10;1;218;61
884;2015/01/01;1507;N3KXAA;-4;24;1;200;61
885;2015/01/01;1513;N008AA;-5;-25;1;61;13
886;2015/01/01;1648;N571AA;;;1;221;61
887;2015/01/01;2291;N859AA;;;1;61;143
888;2015/01/01;2451;N3HTAA;-4;-20;1;124;143
889;2015/01/01;17;N419AS;1;4;2;73;200
890;2015/01/01;39;N459AS;-5;-14;2;153;200
891;2015/01/01;112;N527AS;-7;-15;2;11;200
892;2015/01/01;311;N705AS;-9;-19;2;179;201
893;2015/01/01;313;N703AS;-9;-8;2;201;200
894;2015/01/01;405;N565AS;-5;-5;2;204;169
895;2015/01/01;415;N413AS;-2;9;2;169;200
896;2015/01/01;445;N579AS;-5;-15;2;120;200
897;2015/01/01;466;N309AS;-4;-6;2;200;120
898;2015/01/01;519;N614AS;-15;-20;2;210;200
899;2015/01/01;531;N529AS;124;120;2;34;200
900;2015/01/01;615;N320AS;-1;-7;2;118;200
901;2015/01/01;663;N536AS;-7;-20;2;171;169
902;2015/01/01;722;N403AS;17;5;2;207;120
903;2015/01/01;833;N566AS;-3;-17;2;169;95
904;2015/01/01;847;N558AS;-4;24;2;193;159
905;2015/01/01;883;N531AS;-11;-18;2;158;126
906;2015/01/01;288;N806JB;-7;-34;3;120;26
907;2015/01/01;289;N373JB;-10;-37;3;26;59
908;2015/01/01;619;N638JB;-3;-7;3;26;193
909;2015/01/01;723;N804JB;-8;-21;3;59;133
910;2015/01/01;1109;N651JB;133;131;3;26;111
911;2015/01/01;1121;N561JB;-11;-20;3;169;125
912;2015/01/01;1031;N339JB;-4;-10;3;26;97
913;2015/01/01;1039;N296JB;0;-6;3;26;15
914;2015/01/01;2007;N594JB;-6;-23;3;174;77
915;2015/01/01;364;N547US;12;-4;4;200;120
916;2015/01/01;400;N381DN;-3;-28;4;169;112
917;2015/01/01;424;N194DN;2;-10;4;112;120
918;2015/01/01;822;N3743H;-8;-23;4;200;65
919;2015/01/01;854;N667DN;1;-5;4;201;65
920;2015/01/01;872;N938DN;3;-21;4;59;13
921;2015/01/01;1183;N987DL;1;4;4;164;13
922;2015/01/01;1280;N906DE;-2;-14;4;56;13
923;2015/01/01;1305;N357NW;-1;-3;4;168;13
924;2015/01/01;1440;N3766 ;-3;-6;4;207;153
925;2015/01/01;1453;N589NW;-4;-17;4;200;153
926;2015/01/01;1461;N4YRAA;0;-20;1;58;61
927;2015/01/01;1971;N934DN;-1;-18;4;153;171
928;2015/01/01;2017;N326US;-3;-31;4;124;168
929;2015/01/01;2123;N913DE;-3;-17;4;191;124
930;2015/01/01;2151;N329NW;-3;-2;4;143;124
931;2015/01/01;2180;N938DL;-1;-33;4;43;13
932;2015/01/01;2351;N911DE;-4;13;4;168;124
933;2015/01/01;2365;N399DA;-1;-11;4;112;206
934;2015/01/01;2539;N353NW;7;-8;4;144;13
935;2015/01/01;2784;N283JB;-13;21;3;185;26
936;2015/01/01;46;N704X ;0;-17;4;112;201
937;2015/01/01;1498;N958AT;0;-11;4;77;124
938;2015/01/01;1506;N812DN;-7;-22;4;120;65
939;2015/01/01;1795;N3757D;-6;-35;4;118;112
940;2015/01/01;1894;N6704Z;4;-26;4;153;143
941;2015/01/01;1925;N534US;-1;-20;4;153;191
942;2015/01/01;2393;N3APAA;117;117;1;112;133
943;2015/01/01;4513;N14950;-3;-11;5;43;163
944;2015/01/01;4524;N14974;7;12;5;123;103
945;2015/01/01;4871;N878AS;4;6;5;203;13
946;2015/01/01;4987;N710EV;-8;-26;5;189;124
947;2015/01/01;5423;N724EV;-6;-9;5;40;153
948;2015/01/01;5755;N834AS;-2;3;5;180;163
949;2015/01/01;1061;N201FR;-11;10;6;163;171
950;2015/01/01;1120;N208FR;1;-17;6;43;191
951;2015/01/01;676;N908FR;62;58;6;60;133
952;2015/01/01;681;N928FR;-2;-1;6;133;60
953;2015/01/01;2841;N667MQ;4;10;8;61;64
954;2015/01/01;2852;N625MQ;;;8;87;61
955;2015/01/01;2871;N645MQ;;;8;176;61
956;2015/01/01;3024;N611MQ;;;8;83;61
957;2015/01/01;3051;N802MQ;-5;-22;8;98;163
958;2015/01/01;2991;N686MQ;;;8;23;61
959;2015/01/01;3362;N507MQ;;;8;61;130
960;2015/01/01;231;N620NK;25;17;9;13;77
961;2015/01/01;259;N532NK;-5;-12;9;7;77
962;2015/01/01;183;N521NK;-5;-2;9;121;191
963;2015/01/01;193;N502NK;43;29;9;103;118
964;2015/01/01;198;N621NK;12;16;9;77;133
965;2015/01/01;610;N608NK;4;10;9;77;26
966;2015/01/01;6194;N758SK;4;-1;10;12;60
967;2015/01/01;6272;N915SW;-10;-1;10;34;201
968;2015/01/01;3479;N218AG;21;30;10;193;207
969;2015/01/01;217;N485HA;-4;-1;7;115;95
970;2015/01/01;4623;N812SK;-13;7;10;200;169
971;2015/01/01;5471;N576SW;;;10;187;60
972;2015/01/01;5632;N566SW;-4;1;10;196;201
973;2015/01/01;6225;N124SY;10;8;10;25;163
974;2015/01/01;7382;N659BR;-4;-41;10;52;207
975;2015/01/01;5633;N479CA;-5;-8;10;50;60
976;2015/01/01;296;N470UA;4;-2;11;163;60
977;2015/01/01;656;N402UA;24;58;11;171;163
978;2015/01/01;1441;N38417;4;-1;11;154;103
979;2015/01/01;1764;N14228;-1;-28;11;43;191
980;2015/01/01;130;N012AA;;;1;143;218
981;2015/01/01;4221;N14570;-9;1;5;31;103
982;2015/01/01;6159;N48901;-1;2;5;32;163
983;2015/01/01;410;N630NK;1;8;9;77;35
984;2015/01/01;6382;N824AS;29;27;10;201;25
985;2015/01/01;761;N549UA;8;-12;11;163;201
986;2015/01/01;12;N842VA;-3;-12;13;201;112
987;2015/01/01;2851;N217JC;-2;-14;14;17;77
988;2015/01/01;1108;N625SW;-5;-12;14;35;77
989;2015/01/01;1432;N346SW;0;-10;14;46;218
990;2015/01/01;1863;N253WN;-2;-30;14;57;35
991;2015/01/01;665;N684WN;;;14;57;214
992;2015/01/01;323;N340LV;-6;-9;14;77;35
993;2015/01/01;2041;N8317M;-6;3;14;133;118
994;2015/01/01;4649;N8302F;0;-26;14;135;133
995;2015/01/01;893;N737JW;4;8;14;158;97
996;2015/01/01;552;N291WN;29;30;14;194;69
997;2015/01/01;3239;N905WN;-2;-18;14;218;35
998;2015/01/01;1912;N554WN;-7;-9;14;221;60
999;2015/01/01;1660;N17730;-7;-51;11;210;73
1000;2015/01/01;445;N187US;-8;23;12;185;45
